{
  "p0": 0.0012614742993248705,
  "p99": 0.11351827600980649,
  "threshold": 0.07380065990632383,
  "normalized_threshold": 0.6461896695942108,
  "roc_auc": 0.963479622994935,
  "fpr_pct": 1.9979435898469788,
  "tpr_pct": 75.75113673511842
}