{
  "p0": 0.0006722501101964215,
  "p99": 0.11477579655814366,
  "threshold": 0.0710660611129874,
  "normalized_threshold": 0.6169292120548054,
  "roc_auc": 0.9667239399376681,
  "fpr_pct": 1.9979435898469788,
  "tpr_pct": 82.47941989360754
}